{
    "commit": "7b6aea2",
    "compilation_date": "2020-07-02T14:40:58.687654",
    "compilation_flags": {
        "float_abi": "soft",
        "short_wchar": false
    },
    "compilation_str": "{'compilation_dict':{'mcu':'cortex-m4_st_nucleo-l432kc','sensor':'acc3','data':{'nb_cols':384,'nb_lines':[[60,30]]},'compilation_flags':{'float_abi':'soft','short_wchar':false},'performance':{'precision':0.771667,'confidence':0.490534,'estimated_ram':1965.0},'lib_version':'7b6aea2','api':{'version':'v3'},'only_emulators':false,'combination':[0.13,0.27,0.44,0.71,0.52,128,0,0,2,3,0.55,1.37,1,0,30,1,2]},'sign':13446,'license_key':'***'}",
    "data": {
        "nb_cols": 384,
        "nb_lines": [
            [
                60,
                30
            ]
        ]
    },
    "gcc_version": "arm-none-eabi-gcc (GNU Tools for Arm Embedded Processors 9-2019-q4-major) 9.2.1 20191025 (release) [ARM/arm-9-branch revision 277599]",
    "lib_limited": true,
    "library_id": "5efdf1f653ce297a71187002",
    "library_md5sum": "b5b8aa432cc6f9076881c3a75384b525",
    "mcu": "cortex-m4_st_nucleo-l432kc",
    "mcu_brand": "st",
    "mcu_name": "nucleo-l432kc",
    "mcu_type": "cortex-m4",
    "memory_usage": {
        "flash": 7187,
        "ram": 2167
    },
    "only_emulators": false,
    "performance": {
        "confidence": 0.490534,
        "estimated_ram": 1965.0,
        "precision": 0.771667
    },
    "sensor": "acc3"
}