{
    "commit": "7b6aea2",
    "compilation_date": "2020-07-03T09:35:22.499011",
    "compilation_flags": {
        "float_abi": "soft",
        "short_wchar": false
    },
    "compilation_str": "{'compilation_dict':{'mcu':'cortex-m4_st_nucleo-l432kc','sensor':'acc3','data':{'nb_cols':384,'nb_lines':[[49,45]]},'compilation_flags':{'float_abi':'soft','short_wchar':false},'performance':{'precision':0.956259,'confidence':0.793367,'estimated_ram':1404.0},'lib_version':'7b6aea2','api':{'version':'v3'},'only_emulators':false,'combination':[128,5,1,2,3,0.73,1.26,0,0,1,7,0.17,0.79]},'sign':12955,'license_key':'***'}",
    "data": {
        "nb_cols": 384,
        "nb_lines": [
            [
                49,
                45
            ]
        ]
    },
    "gcc_version": "arm-none-eabi-gcc (GNU Tools for Arm Embedded Processors 9-2019-q4-major) 9.2.1 20191025 (release) [ARM/arm-9-branch revision 277599]",
    "lib_limited": true,
    "library_id": "5efefbd753ce297a711870aa",
    "library_md5sum": "56085128ae5e8bc83162e66acaa850da",
    "mcu": "cortex-m4_st_nucleo-l432kc",
    "mcu_brand": "st",
    "mcu_name": "nucleo-l432kc",
    "mcu_type": "cortex-m4",
    "memory_usage": {
        "flash": 6147,
        "ram": 1455
    },
    "only_emulators": false,
    "performance": {
        "confidence": 0.793367,
        "estimated_ram": 1404.0,
        "precision": 0.956259
    },
    "sensor": "acc3"
}