{
    "commit": "7b6aea2",
    "compilation_date": "2020-07-03T09:11:33.269516",
    "compilation_flags": {
        "float_abi": "soft",
        "short_wchar": false
    },
    "compilation_str": "{'compilation_dict':{'mcu':'cortex-m4_st_nucleo-l432kc','sensor':'acc3','data':{'nb_cols':384,'nb_lines':[[49,45]]},'compilation_flags':{'float_abi':'soft','short_wchar':false},'performance':{'precision':0.952483,'confidence':0.781357,'estimated_ram':1404.0},'lib_version':'7b6aea2','api':{'version':'v3'},'only_emulators':false,'combination':[128,5,1,2,3,1.12,1.26,0,0,1,7,0.44,0.87]},'sign':12951,'license_key':'***'}",
    "data": {
        "nb_cols": 384,
        "nb_lines": [
            [
                49,
                45
            ]
        ]
    },
    "gcc_version": "arm-none-eabi-gcc (GNU Tools for Arm Embedded Processors 9-2019-q4-major) 9.2.1 20191025 (release) [ARM/arm-9-branch revision 277599]",
    "lib_limited": true,
    "library_id": "5efef64153ce297a711870a3",
    "library_md5sum": "792727423b02d7a36eceab0223b92bf6",
    "mcu": "cortex-m4_st_nucleo-l432kc",
    "mcu_brand": "st",
    "mcu_name": "nucleo-l432kc",
    "mcu_type": "cortex-m4",
    "memory_usage": {
        "flash": 6147,
        "ram": 1455
    },
    "only_emulators": false,
    "performance": {
        "confidence": 0.781357,
        "estimated_ram": 1404.0,
        "precision": 0.952483
    },
    "sensor": "acc3"
}