{
    "commit": "7b6aea2",
    "compilation_date": "2020-06-18T07:41:27.649101",
    "compilation_flags": {
        "float_abi": "soft",
        "short_wchar": false
    },
    "compilation_str": "{'compilation_dict':{'mcu':'cortex-m4_st_nucleo-l432kc','sensor':'acc3','data':{'nb_cols':384,'nb_lines':[[50,33]]},'compilation_flags':{'float_abi':'soft','short_wchar':false},'performance':{'precision':0.819152,'confidence':0.520117,'estimated_ram':1420.0},'lib_version':'7b6aea2','api':{'version':'v3'},'only_emulators':false,'combination':[10,128,6,1,3,3.69,1,0,5,1,1]},'sign':12608,'license_key':'***'}",
    "data": {
        "nb_cols": 384,
        "nb_lines": [
            [
                50,
                33
            ]
        ]
    },
    "gcc_version": "arm-none-eabi-gcc (GNU Tools for Arm Embedded Processors 9-2019-q4-major) 9.2.1 20191025 (release) [ARM/arm-9-branch revision 277599]",
    "lib_limited": true,
    "library_id": "5eeb1aa49ff4042684d820c3",
    "library_md5sum": "cb7db41a3db1db775baae7d6e79eeec8",
    "mcu": "cortex-m4_st_nucleo-l432kc",
    "mcu_brand": "st",
    "mcu_name": "nucleo-l432kc",
    "mcu_type": "cortex-m4",
    "memory_usage": {
        "flash": 4851,
        "ram": 1471
    },
    "only_emulators": false,
    "performance": {
        "confidence": 0.520117,
        "estimated_ram": 1420.0,
        "precision": 0.819152
    },
    "sensor": "acc3"
}