{
    "commit": "e79fd20",
    "compilation_date": "2020-06-15T09:00:56.766668",
    "compilation_flags": {
        "float_abi": "soft",
        "short_wchar": false
    },
    "compilation_str": "{'compilation_dict':{'mcu':'cortex-m4_st_nucleo-l432kc','sensor':'acc3','data':{'nb_cols':1536,'nb_lines':[[300,299]]},'compilation_flags':{'float_abi':'soft','short_wchar':false},'performance':{'precision':0.9975,'confidence':0.93257,'estimated_ram':6600.0},'lib_version':'e79fd20','api':{'version':'v3'},'only_emulators':false,'combination':[512,5,0,2,3,1.29,1.13,0,1,1,120,0.07,0.97]},'sign':12995,'license_key':'***'}",
    "data": {
        "nb_cols": 1536,
        "nb_lines": [
            [
                300,
                299
            ]
        ]
    },
    "gcc_version": "arm-none-eabi-gcc (GNU Tools for Arm Embedded Processors 9-2019-q4-major) 9.2.1 20191025 (release) [ARM/arm-9-branch revision 277599]",
    "lib_limited": true,
    "library_id": "5ee738c5481807e311c42399",
    "library_md5sum": "dfb505f64c693f261232881778426f52",
    "mcu": "cortex-m4_st_nucleo-l432kc",
    "mcu_brand": "st",
    "mcu_name": "nucleo-l432kc",
    "mcu_type": "cortex-m4",
    "memory_usage": {
        "flash": 4244,
        "ram": 6606
    },
    "only_emulators": false,
    "performance": {
        "confidence": 0.93257,
        "estimated_ram": 6600.0,
        "precision": 0.9975
    },
    "sensor": "acc3"
}