{
    "commit": "7b6aea2",
    "compilation_date": "2020-06-29T08:53:44.223182",
    "compilation_flags": {
        "float_abi": "soft",
        "short_wchar": false
    },
    "compilation_str": "{'compilation_dict':{'mcu':'cortex-m4_st_nucleo-l432kc','sensor':'acc3','data':{'nb_cols':768,'nb_lines':[[55,22]]},'compilation_flags':{'float_abi':'soft','short_wchar':false},'performance':{'precision':0.927273,'confidence':0.710198,'estimated_ram':3575.0},'lib_version':'7b6aea2','api':{'version':'v3'},'only_emulators':false,'combination':[0.68,0.16,0.12,0.31,0.8,256,0,0,2,3,0.5,1.11,0,0,15,1,17]},'sign':13419,'license_key':'***'}",
    "data": {
        "nb_cols": 768,
        "nb_lines": [
            [
                55,
                22
            ]
        ]
    },
    "gcc_version": "arm-none-eabi-gcc (GNU Tools for Arm Embedded Processors 9-2019-q4-major) 9.2.1 20191025 (release) [ARM/arm-9-branch revision 277599]",
    "lib_limited": true,
    "library_id": "5ef9ac1353ce297a71186d98",
    "library_md5sum": "ec67c2ae57a0620c558318214d5c5835",
    "mcu": "cortex-m4_st_nucleo-l432kc",
    "mcu_brand": "st",
    "mcu_name": "nucleo-l432kc",
    "mcu_type": "cortex-m4",
    "memory_usage": {
        "flash": 15479,
        "ram": 3731
    },
    "only_emulators": false,
    "performance": {
        "confidence": 0.710198,
        "estimated_ram": 3575.0,
        "precision": 0.927273
    },
    "sensor": "acc3"
}