{
    "commit": "7b6aea2",
    "compilation_date": "2020-06-19T12:44:10.481007",
    "compilation_flags": {
        "float_abi": "soft",
        "short_wchar": false
    },
    "compilation_str": "{'compilation_dict':{'mcu':'cortex-m4_st_nucleo-l432kc','sensor':'acc3','data':{'nb_cols':768,'nb_lines':[[50,50]]},'compilation_flags':{'float_abi':'soft','short_wchar':false},'performance':{'precision':0.9895,'confidence':0.910959,'estimated_ram':3164.0},'lib_version':'7b6aea2','api':{'version':'v3'},'only_emulators':false,'combination':[256,5,0,2,3,1.43,0.93,0,1,1,47,0.38,0.83]},'sign':12927,'license_key':'***'}",
    "data": {
        "nb_cols": 768,
        "nb_lines": [
            [
                50,
                50
            ]
        ]
    },
    "gcc_version": "arm-none-eabi-gcc (GNU Tools for Arm Embedded Processors 9-2019-q4-major) 9.2.1 20191025 (release) [ARM/arm-9-branch revision 277599]",
    "lib_limited": true,
    "library_id": "5eecb3179ff4042684d821ce",
    "library_md5sum": "7b56c4e993b59883905cc63e4fd504e1",
    "mcu": "cortex-m4_st_nucleo-l432kc",
    "mcu_brand": "st",
    "mcu_name": "nucleo-l432kc",
    "mcu_type": "cortex-m4",
    "memory_usage": {
        "flash": 3699,
        "ram": 3215
    },
    "only_emulators": false,
    "performance": {
        "confidence": 0.910959,
        "estimated_ram": 3164.0,
        "precision": 0.9895
    },
    "sensor": "acc3"
}