{
    "commit": "7b6aea2",
    "compilation_date": "2020-06-25T13:17:07.723928",
    "compilation_flags": {
        "float_abi": "soft",
        "short_wchar": false
    },
    "compilation_str": "{'compilation_dict':{'mcu':'cortex-m4_st_nucleo-l432kc','sensor':'acc3','data':{'nb_cols':384,'nb_lines':[[55,23]]},'compilation_flags':{'float_abi':'soft','short_wchar':false},'performance':{'precision':0.805296,'confidence':0.492101,'estimated_ram':588.0},'lib_version':'7b6aea2','api':{'version':'v3'},'only_emulators':false,'combination':[128,5,0,2,3,1.42,1.72,0,0,0,3,0.45,0.83]},'sign':12919,'license_key':'***'}",
    "data": {
        "nb_cols": 384,
        "nb_lines": [
            [
                55,
                23
            ]
        ]
    },
    "gcc_version": "arm-none-eabi-gcc (GNU Tools for Arm Embedded Processors 9-2019-q4-major) 9.2.1 20191025 (release) [ARM/arm-9-branch revision 277599]",
    "lib_limited": true,
    "library_id": "5ef4a3d053ce297a71186b2e",
    "library_md5sum": "b3d46b02fddf6029443b27ecdc50c5c8",
    "mcu": "cortex-m4_st_nucleo-l432kc",
    "mcu_brand": "st",
    "mcu_name": "nucleo-l432kc",
    "mcu_type": "cortex-m4",
    "memory_usage": {
        "flash": 3423,
        "ram": 639
    },
    "only_emulators": false,
    "performance": {
        "confidence": 0.492101,
        "estimated_ram": 588.0,
        "precision": 0.805296
    },
    "sensor": "acc3"
}