{
    "commit": "7b6aea2",
    "compilation_date": "2020-06-29T11:51:07.889368",
    "compilation_flags": {
        "float_abi": "soft",
        "short_wchar": false
    },
    "compilation_str": "{'compilation_dict':{'mcu':'cortex-m4_st_nucleo-l432kc','sensor':'acc3','data':{'nb_cols':384,'nb_lines':[[41,45]]},'compilation_flags':{'float_abi':'soft','short_wchar':false},'performance':{'precision':0.895108,'confidence':0.613236,'estimated_ram':1443.0},'lib_version':'7b6aea2','api':{'version':'v3'},'only_emulators':false,'combination':[0.56,0.87,0.26,0.66,0.79,128,0,1,2,3,0.71,0.84,1,0,5,1,1]},'sign':13423,'license_key':'***'}",
    "data": {
        "nb_cols": 384,
        "nb_lines": [
            [
                41,
                45
            ]
        ]
    },
    "gcc_version": "arm-none-eabi-gcc (GNU Tools for Arm Embedded Processors 9-2019-q4-major) 9.2.1 20191025 (release) [ARM/arm-9-branch revision 277599]",
    "lib_limited": true,
    "library_id": "5ef9d5a753ce297a71186dad",
    "library_md5sum": "b44df208a823b776f27b16c0d2659d16",
    "mcu": "cortex-m4_st_nucleo-l432kc",
    "mcu_brand": "st",
    "mcu_name": "nucleo-l432kc",
    "mcu_type": "cortex-m4",
    "memory_usage": {
        "flash": 6343,
        "ram": 1531
    },
    "only_emulators": false,
    "performance": {
        "confidence": 0.613236,
        "estimated_ram": 1443.0,
        "precision": 0.895108
    },
    "sensor": "acc3"
}