{
    "commit": "7b6aea2",
    "compilation_date": "2020-07-02T13:05:19.177602",
    "compilation_flags": {
        "float_abi": "soft",
        "short_wchar": false
    },
    "compilation_str": "{'compilation_dict':{'mcu':'cortex-m4_st_nucleo-l432kc','sensor':'acc3','data':{'nb_cols':384,'nb_lines':[[60,27]]},'compilation_flags':{'float_abi':'soft','short_wchar':false},'performance':{'precision':0.79537,'confidence':0.602527,'estimated_ram':1368.0},'lib_version':'7b6aea2','api':{'version':'v3'},'only_emulators':false,'combination':[128,5,1,2,3,0.77,1.32,1,0,1,4,0.35,0.74]},'sign':12922,'license_key':'***'}",
    "data": {
        "nb_cols": 384,
        "nb_lines": [
            [
                60,
                27
            ]
        ]
    },
    "gcc_version": "arm-none-eabi-gcc (GNU Tools for Arm Embedded Processors 9-2019-q4-major) 9.2.1 20191025 (release) [ARM/arm-9-branch revision 277599]",
    "lib_limited": true,
    "library_id": "5efddb8b53ce297a71186fed",
    "library_md5sum": "128f34b29a10852fb927735c1fd165d5",
    "mcu": "cortex-m4_st_nucleo-l432kc",
    "mcu_brand": "st",
    "mcu_name": "nucleo-l432kc",
    "mcu_type": "cortex-m4",
    "memory_usage": {
        "flash": 4387,
        "ram": 1419
    },
    "only_emulators": false,
    "performance": {
        "confidence": 0.602527,
        "estimated_ram": 1368.0,
        "precision": 0.79537
    },
    "sensor": "acc3"
}